85;13;92;33;30;79;77;100;51;9;28;65;36;75;50
79;88;88;28;54;55;34;61;98;94;42;100;78;85;27
80;99;42;46;55;98;50R;27;53;34;16;43;71;98;29
46;31;68;67;14;80;88R;31;78;14;19;31;44;71;92
56;75;87;95;52;79;51R;90;8;34;67;55;62;78;80
20;12;78;18;97;9;54R;75;33;60;36;65;71;93;90
38;6;33;95;32;59;60R;52;30;29;36;67;65;5;85
40;25;54;55;84;67;46R;68;14;3;53;63;47;51;45
93;69;31;73;40;24;76R;57;58;94;73;23;25;33;85
70;80;4;52;93;71;56R;80;11;72D;70D;17D;13D;39D;91
69;15;64;86;94;97;1R;91;91;33;31;56;61;93;88
40;100;14;73;10;70;80;4;62;43;52;30R;30;75;3
63;70;56;60;37;11;15;21;66;59;86;84R;73;82;42
49;8;31;15;30;41;52;67;54;46;47;7R;21;65;70
37;7;76;60;11;23;69;81;99;4;90;98;55;26;22
