71;43;97;17;96;44;20;37;56;33;73;8;96;68;97
36;84;47;92;75;97;13;47;2;66;2;13;93;64;48
94;4;44;87;64;7;3;31;42;11;21;44;22;73;10
62;47;11;38;21;74;10;87;17;70;94;57;64;42;51
80;50;5;34;100;77;99;59;65;72;97;6;15;86;44
71;61;13;10;49;52;26;57;50;88;1;34;75;93;29
32;75;23;3;86;11;13;15;90;23;4;17;90;63;79
79;2;86;60;65;97;22;97;69;38;70;57;95;51;7
90;50;67;95;80;36;70;65;22;44;78;62;38;64;88
13;45;100;70;11;77;73;45;94;59;88;49;1;58;79
84;59;14;30;90;48;87;69;21;59;14;32;92;40;16
32;55;8;53;45;60;72;90;4;23;78;89;14;64;42
100;66;13;92;67;32;94;87;70;57;98;32;19;27;52
27;34;94;30;95;70;100;65;51;58;98;25;19;57;13
57;79;69;27;76;90;1;77;46;95;54;74;34;29;95
